Workbook

Sheet Cover
A1: EX-ANTE EMISSION REDUCTION CALCULATION
A2: Crediting Period — Projected ERs
A4: Project name | B4: Ghana Stoves
A5: Standard | B5: Gold Standard
A6: Methodology | B6: TPDDTEC
A7: Host country
A8: Baseline fuel
A9: Project fuel
A10: Crediting period start | B10: 2026
A11: Crediting period length | B11: 7 years
A12: Crediting period end | B12: 2032
A13: Scale
A14: Document type | B14: Project Design Document (PDD) / VPA-DD
A15: Calculation generated | B15: 2026-03-24 17:43 UTC
A16: CarbonGPT version | B16: 1.0
A19: AUDITOR / VALIDATOR NOTES
A20: • All input parameters are consolidated in the 'Parameters' tab.
A21: • Every formula in 'ER Calculation' and 'Vintage Table' references the Parameters tab directly — no hard-coded values.
A22: • fNRB is applied exclusively to the CO₂ term of baseline and project emissions (TPDDTEC v4.0 Eq. 1).
A23: • For Method 3 (fuel switch), fNRB is not applied to project emissions.
A24: • Leakage deduction is applied as prescribed in the applicable methodology.
A25: • Conservativeness notes are provided for each parameter in the Parameters tab.
A26: • Vintage allocation follows calendar-year boundaries. See 'Vintage Table' tab.
A27: • Sensitivity analysis is available in the 'Sensitivity' tab.

Sheet Parameters
A1: PARAMETERS — EX-ANTE FIXED VALUES
A2: All parameters in this tab are fixed ex-ante. Modify values here — formulas in other tabs update automatically.
A4: Symbol | B4: Parameter name | C4: Value | D4: Unit | E4: Source / Reference | F4: Tier | G4: Conservativeness justification
A5: SFC_b | B5: Baseline specific fuel consumption | C5: 2.5 | D5: t/device/yr | E5: Kitchen Performance Test (KPT) or methodology default | F5: 2 | G5: Conservative lower bound applied
A6: SFC_p | B6: Project specific fuel consumption | C6: 0.3175 | D6: t/device/yr | E6: Kitchen Performance Test (KPT) | F6: 2 | G6: Upper-bound KPT result used → conservative
A7: CF | B7: Charcoal-to-wood conversion factor | C7: 4 | D7: kg wood/kg charcoal | E7: TPDDTEC v4.0, §4.2 / national charcoal production studies | F7: 2 | G7: Conservative conversion; higher CF → higher baseline
A8: NCV_b | B8: Net calorific value — baseline fuel | C8: 15.6 | D8: TJ/Gg | E8: IPCC 2006, Vol. 2, Ch. 1, Table 1.2 | F8: 1 | G8: IPCC default; lower NCV → lower baseline → conservative
A9: fNRB,y | B9: Fraction of non-renewable biomass | C9: 0.36 | D9: fraction | E9: Country study / IPCC default (TPDDTEC v4.0 §4.3) | F9: 2 | G9: Conservative national-level study; lower fNRB → lower ERs
A10: EF_CO2,b | B10: CO₂ emission factor — baseline fuel | C10: 112 | D10: tCO2/TJ | E10: IPCC 2006, Vol. 2, Annex 2, Table A2.1 | F10: 1 | G10: IPCC default; higher EF → higher baseline → more conservative ERs
A11: EF_nonCO2,b | B11: Non-CO₂ emission factor — baseline fuel | C11: 9.46 | D11: tCO2e/TJ | E11: TPDDTEC v4.0, Table 5 (AR5 GWP) | F11: 1 | G11: Methodology default
A12: NCV_p | B12: Net calorific value — project fuel | C12: 15.6 | D12: TJ/Gg | E12: IPCC 2006, Vol. 2, Ch. 1, Table 1.2 | F12: 1 | G12: IPCC default
A13: EF_CO2,p | B13: CO₂ emission factor — project fuel | C13: 112 | D13: tCO2/TJ | E13: IPCC 2006, Vol. 2, Annex 2, Table A2.1 | F13: 1 | G13: IPCC default
A14: EF_nonCO2,p | B14: Non-CO₂ emission factor — project fuel | C14: 9.46 | D14: tCO2e/TJ | E14: TPDDTEC v4.0, Table 5 (AR5 GWP) | F14: 1 | G14: Methodology default
A15: num_households | B15: num_households | C15: 100000 | D15: count | E15: See methodology | F15: 2
A16: Leakage_adj | B16: Leakage deduction fraction | C16: 0.05 | D16: fraction | E16: TPDDTEC v4.0, §5.4 | F16: 1 | G16: Methodology-prescribed deduction
A17: tech_lifetime_years | B17: Technology operational lifetime | C17: 5 | D17: years | E17: See methodology | F17: 2
A18: annual_dropoff_rate | B18: Annual technology drop-off rate | C18: 0.1 | D18: fraction | E18: See methodology | F18: 2
A19: pop_stoves,y | B19: Device usage / activity rate (year 1) | C19: 0.9 | D19: fraction | E19: End-user survey (Tier 2 default if no survey) | F19: 2 | G19: Conservative lower-bound survey result
A20: devices_per_household | B20: devices_per_household | C20: 1 | D20: count | E20: See methodology | F20: 2
A21: Np/HH | B21: Average household size | C21: 5 | D21: persons/household | E21: National census or survey | F21: 2 | G21: National average
A22: num_beneficiaries | B22: num_beneficiaries | C22: 500000 | D22: persons | E22: See methodology | F22: 2
A23: N_i,y | B23: Number of active devices | C23: 100000 | D23: count | E23: Project device registry / monitoring database | F23: 1 | G23: Verified device count from registry
A24: SFC_baseline | B24: SFC_baseline | C24: 1.37 | D24: kg/device/day | E24: See methodology | F24: 2
A25: baseline_fuel_consumption | B25: baseline_fuel_consumption | C25: 0.5 | D25: t/device/year | E25: See methodology | F25: 2
A26: leakage_discount | B26: leakage_discount | C26: 0.95 | D26: fraction | E26: See methodology | F26: 2
A27: UR_decay | B27: Annual usage-rate decay (fraction/yr) | C27: 0.02 | D27: fraction/year | E27: Project monitoring plan / methodology default | F27: 2 | G27: Conservative annual drop-off assumption
A28: UR_floor | B28: Minimum usage-rate floor | C28: 0.5 | D28: fraction | E28: Project monitoring plan / methodology default | F28: 2 | G28: Conservative minimum device-retention assumption
A29: SFC_project | B29: SFC_project | C29: 0.87 | D29: kg/device/day | E29: See methodology | F29: 2
A30: project_fuel_consumption | B30: project_fuel_consumption | C30: 0.3175 | D30: t/device/year | E30: See methodology | F30: 2

Sheet ER Calculation
A1: STEP-BY-STEP ER CALCULATION (EX-ANTE)
A2: Methodology: TPDDTEC | Baseline fuel: | Project fuel: | Method: 1/2 (same fuel)
A3: Result cells (col D) contain Excel formulas referencing the Parameters tab — every value is traceable. Formula text in col C shows the methodology equation for audit verification.
A5: Step | B5: Description | C5: Methodology equation (audit reference) | D5: Result (formula) | E5: Unit
A6: 1 | B6: Baseline fuel consumption per device | C6: baseline_fuel_consumption = 2.500000 t/device/yr | D6: =Parameters!C5 | E6: t/device/yr
A7: 2 | B7: Project fuel consumption per device | C7: project_fuel_consumption = 0.317500 t/device/yr | D7: =Parameters!C6 | E7: t/device/yr
A8: 3 | B8: CF-adjusted baseline wood-equivalent consumption | C8: SFC_b (wood, CF=1): 2.500000 | D8: =Parameters!C5 | E8: t wood-equiv/device/yr
A9: 4 | B9: Baseline energy consumption | C9: EC_b = SFC_b,we × NCV_b / 1000 = 2.500000 × 15.6 / 1000 | D9: =D8*Parameters!C8/1000 | E9: TJ/device/yr
A10: 5 | B10: Baseline emissions per device | C10: BE/device = EC_b × (fNRB × EF_CO2_b + EF_nonCO2_b) = 0.039000 × (0.36 × 112.0 + 9.46) | D10: =D9*(Parameters!C9*Parameters!C10+Parameters!C11) | E10: tCO2e/device/yr
A11: 6 | B11: Project energy consumption | C11: EC_p = SFC_p × NCV_p / 1000 = 0.317500 × 15.6 / 1000 | D11: =D7*Parameters!C12/1000 | E11: TJ/device/yr
A12: 7 | B12: Project emissions per device | C12: EC_p × (fNRB × EF_CO2_p + EF_nonCO2_p) = 0.004953 × (0.36 × 112.0 + 9.46) | D12: =D11*(Parameters!C9*Parameters!C13+Parameters!C14) | E12: tCO2e/device/yr
A13: 8 | B13: ER per device per year (before leakage) | C13: ER/device = BE/device − PE/device = 1.941420 − 0.246560 | D13: =D10-D12 | E13: tCO2e/device/yr
A14: 9 | B14: Deployment mode | C14: fixed_monthly | D14: fixed_monthly
A15: 10 | B15: Total units to deploy | C15: num_households = 100000 | D15: 100000 | E15: units
A16: 11 | B16: Technology lifetime | C16: 5.0 years | D16: 5 | E16: years
A17: 12 | B17: Drop-off model | C17: annual_rate: 10.0%/yr | D17: 0.1
A18: 13 | B18: Usage rate | C18: fixed: 90% | D18: 0.9
A20: ANNUAL ER SUMMARY — ALL CREDITING YEARS
A21: Active devices, Baseline, Project, and Leakage columns are live Excel formulas referencing Parameters tab and the step results above — all values update if parameters change.
A22: Year | B22: Calendar year | C22: Active devices =MAX(UR-(Y-1)×decay,floor)×N | D22: Baseline (tCO2e) =BE/dev × devices | E22: Project (tCO2e) =PE/dev × devices | F22: Gross ER (tCO2e) =Baseline−Project | G22: Leakage (tCO2e) =Gross ER × L% | H22: Net ER (tCO2e) =Gross ER−Leakage
A23: 1 | B23: 2025 | C23: =MAX(Parameters!C19-0*Parameters!C27,Parameters!C28)*Parameters!C23 | D23: =D10*C23 | E23: =D12*C23 | F23: =D23-E23 | G23: =F23*Parameters!C16 | H23: =F23-G23
A24: 2 | B24: 2026 | C24: =MAX(Parameters!C19-1*Parameters!C27,Parameters!C28)*Parameters!C23 | D24: =D10*C24 | E24: =D12*C24 | F24: =D24-E24 | G24: =F24*Parameters!C16 | H24: =F24-G24
A25: 3 | B25: 2027 | C25: =MAX(Parameters!C19-2*Parameters!C27,Parameters!C28)*Parameters!C23 | D25: =D10*C25 | E25: =D12*C25 | F25: =D25-E25 | G25: =F25*Parameters!C16 | H25: =F25-G25
A26: 4 | B26: 2028 | C26: =MAX(Parameters!C19-3*Parameters!C27,Parameters!C28)*Parameters!C23 | D26: =D10*C26 | E26: =D12*C26 | F26: =D26-E26 | G26: =F26*Parameters!C16 | H26: =F26-G26
A27: 5 | B27: 2029 | C27: =MAX(Parameters!C19-4*Parameters!C27,Parameters!C28)*Parameters!C23 | D27: =D10*C27 | E27: =D12*C27 | F27: =D27-E27 | G27: =F27*Parameters!C16 | H27: =F27-G27
A28: 6 | B28: 2030 | C28: =MAX(Parameters!C19-5*Parameters!C27,Parameters!C28)*Parameters!C23 | D28: =D10*C28 | E28: =D12*C28 | F28: =D28-E28 | G28: =F28*Parameters!C16 | H28: =F28-G28
A29: 7 | B29: 2031 | C29: =MAX(Parameters!C19-6*Parameters!C27,Parameters!C28)*Parameters!C23 | D29: =D10*C29 | E29: =D12*C29 | F29: =D29-E29 | G29: =F29*Parameters!C16 | H29: =F29-G29
A30: TOTAL | C30: =SUM(C23:C29) | D30: =SUM(D23:D29) | E30: =SUM(E23:E29) | F30: =SUM(F23:F29) | G30: =SUM(G23:G29) | H30: =SUM(H23:H29)

Sheet Vintage Table
A1: VINTAGE TABLE — ER ALLOCATION BY CALENDAR YEAR
A2: Each crediting year covers a full calendar year. ERs are assigned to the corresponding vintage.
A4: Vintage year | B4: CP year | C4: Baseline (tCO2e) | D4: Project (tCO2e) | E4: Net ER (tCO2e)
A5: 2025 | B5: CP1 | C5: ='ER Calculation'!D23 | D5: ='ER Calculation'!E23 | E5: ='ER Calculation'!H23
A6: 2026 | B6: CP2 | C6: ='ER Calculation'!D24 | D6: ='ER Calculation'!E24 | E6: ='ER Calculation'!H24
A7: 2027 | B7: CP3 | C7: ='ER Calculation'!D25 | D7: ='ER Calculation'!E25 | E7: ='ER Calculation'!H25
A8: 2028 | B8: CP4 | C8: ='ER Calculation'!D26 | D8: ='ER Calculation'!E26 | E8: ='ER Calculation'!H26
A9: 2029 | B9: CP5 | C9: ='ER Calculation'!D27 | D9: ='ER Calculation'!E27 | E9: ='ER Calculation'!H27
A10: 2030 | B10: CP6 | C10: ='ER Calculation'!D28 | D10: ='ER Calculation'!E28 | E10: ='ER Calculation'!H28
A11: 2031 | B11: CP7 | C11: ='ER Calculation'!D29 | D11: ='ER Calculation'!E29 | E11: ='ER Calculation'!H29
A12: TOTAL | C12: =SUM(C5:C11) | D12: =SUM(D5:D11) | E12: =SUM(E5:E11)
A14: Summary
A15: Total baseline emissions (tCO2e) | B15: 612652.26
A16: Total project emissions (tCO2e) | B16: 77806.84
A17: Total leakage (tCO2e) | B17: 26742.27
A18: Total net ERs (tCO2e) | B18: 508103.15
A19: Average annual net ERs (tCO2e/yr) | B19: 72586.16
A20: Crediting period (years) | B20: 7

Sheet Sensitivity
A1: SENSITIVITY ANALYSIS
A2: Impact of ±10% variation in key parameters on total net ERs over the crediting period.
A4: Parameter varied | B4: Variation | C4: Low estimate (tCO2e) | D4: Central (tCO2e) | E4: High estimate (tCO2e)
A5: fNRB (Fraction non-renewable biomass) | B5: ±10% | C5: 472535.93 | D5: 508103.15 | E5: 543670.37
A6: Baseline fuel consumption (SFC_b) | B6: ±10% | C6: 457292.84 | D6: 508103.15 | E6: 558913.47
A7: Number of active devices (N_i,y) | B7: ±15% | C7: 431887.68 | D7: 508103.15 | E7: 584318.62
A8: Baseline emission factor (EF_CO2,b) | B8: ±5% | C8: 485238.51 | D8: 508103.15 | E8: 530967.79
A9: Device usage / activity rate | B9: ±10% | C9: 457292.84 | D9: 508103.15 | E9: 558913.47
A11: Note: Sensitivity estimates are approximate linear projections. Full re-calculation with revised parameters required for final values.
